{"stats":{"minecraft:used":{"minecraft:dirt":2,"minecraft:crafting_table":1,"minecraft:stone_pickaxe":58,"minecraft:wooden_pickaxe":8},"minecraft:picked_up":{"minecraft:stick":5,"minecraft:acacia_log":34,"minecraft:poppy":3,"minecraft:acacia_sapling":11,"minecraft:dirt":12,"minecraft:cobblestone":62},"minecraft:crafted":{"minecraft:stone_sword":1,"minecraft:furnace":1,"minecraft:acacia_planks":136,"minecraft:crafting_table":1,"minecraft:iron_ingot":1,"minecraft:stone_pickaxe":1,"minecraft:wooden_pickaxe":1},"minecraft:custom":{"minecraft:time_since_rest":11730,"minecraft:open_chest":2,"minecraft:play_time":11730,"minecraft:sprint_one_cm":11608,"minecraft:walk_one_cm":27016,"minecraft:sneak_time":14,"minecraft:jump":100,"minecraft:time_since_death":11730,"minecraft:total_world_time":11730,"minecraft:interact_with_crafting_table":3,"minecraft:fall_one_cm":687,"minecraft:fly_one_cm":9776},"minecraft:mined":{"minecraft:short_grass":11,"minecraft:acacia_log":35,"minecraft:grass_block":2,"minecraft:poppy":3,"minecraft:acacia_leaves":10,"minecraft:dirt":10,"minecraft:stone":64}},"DataVersion":3700}