{"stats":{"minecraft:used":{"minecraft:stone_sword":32,"minecraft:stone_pickaxe":216,"minecraft:shield":5,"minecraft:wooden_pickaxe":8,"minecraft:torch":12,"minecraft:dirt":13,"minecraft:crafting_table":2},"minecraft:broken":{"minecraft:stone_pickaxe":1},"minecraft:picked_up":{"minecraft:stick":5,"minecraft:crafting_table":1,"minecraft:andesite":13,"minecraft:torch":1,"minecraft:acacia_log":34,"minecraft:diorite":1,"minecraft:string":2,"minecraft:spider_eye":1,"minecraft:dirt":14,"minecraft:bone":1,"minecraft:rotten_flesh":1,"minecraft:poppy":3,"minecraft:acacia_sapling":11,"minecraft:coal":47,"minecraft:cobblestone":152},"minecraft:killed":{"minecraft:skeleton":1,"minecraft:zombie":1,"minecraft:spider":1},"minecraft:crafted":{"minecraft:shield":1,"minecraft:crafting_table":1,"minecraft:stick":52,"minecraft:wooden_pickaxe":1,"minecraft:iron_ingot":1,"minecraft:stone_pickaxe":6,"minecraft:stone_sword":1,"minecraft:furnace":1,"minecraft:acacia_planks":136,"minecraft:torch":28},"minecraft:custom":{"minecraft:time_since_rest":23730,"minecraft:sprint_one_cm":14422,"minecraft:damage_taken":79,"minecraft:walk_one_cm":68791,"minecraft:damage_blocked_by_shield":160,"minecraft:mob_kills":3,"minecraft:damage_dealt":559,"minecraft:interact_with_crafting_table":6,"minecraft:fly_one_cm":13037,"minecraft:open_chest":2,"minecraft:play_time":23730,"minecraft:sneak_time":14,"minecraft:walk_under_water_one_cm":1827,"minecraft:jump":173,"minecraft:walk_on_water_one_cm":4179,"minecraft:time_since_death":23730,"minecraft:total_world_time":23730,"minecraft:fall_one_cm":1589},"minecraft:mined":{"minecraft:acacia_leaves":10,"minecraft:andesite":13,"minecraft:torch":1,"minecraft:crafting_table":1,"minecraft:short_grass":11,"minecraft:acacia_log":35,"minecraft:grass_block":2,"minecraft:coal_ore":47,"minecraft:poppy":3,"minecraft:dirt":12,"minecraft:stone":156,"minecraft:diorite":4}},"DataVersion":3700}