{"stats":{"minecraft:mined":{"minecraft:short_grass":4,"minecraft:oak_log":2,"minecraft:vine":1,"minecraft:jungle_log":1,"minecraft:bamboo":1,"minecraft:stone":31,"minecraft:fern":1},"minecraft:custom":{"minecraft:time_since_rest":6299,"minecraft:deaths":1,"minecraft:sprint_one_cm":7124,"minecraft:play_time":9307,"minecraft:damage_taken":10,"minecraft:walk_one_cm":14140,"minecraft:walk_under_water_one_cm":216,"minecraft:jump":77,"minecraft:walk_on_water_one_cm":233,"minecraft:leave_game":4,"minecraft:time_since_death":6087,"minecraft:total_world_time":9307,"minecraft:climb_one_cm":372,"minecraft:interact_with_crafting_table":2,"minecraft:fall_one_cm":1614,"minecraft:fly_one_cm":3948},"minecraft:used":{"minecraft:torch":15,"minecraft:crafting_table":1,"minecraft:stone_pickaxe":28,"minecraft:wooden_pickaxe":6},"minecraft:picked_up":{"minecraft:jungle_log":1,"minecraft:oak_log":2,"minecraft:bamboo":17,"minecraft:cobblestone":31},"minecraft:crafted":{"minecraft:oak_planks":8,"minecraft:crafting_table":1,"minecraft:stick":8,"minecraft:stone_pickaxe":1,"minecraft:wooden_pickaxe":1,"minecraft:jungle_planks":4}},"DataVersion":3700}