{"stats":{"minecraft:used":{"minecraft:stone_pickaxe":75,"minecraft:iron_pickaxe":5,"minecraft:wooden_pickaxe":4,"minecraft:iron_chestplate":1,"minecraft:stone_axe":29,"minecraft:dirt":14,"minecraft:cobblestone":12,"minecraft:crafting_table":3,"minecraft:furnace":2,"minecraft:cooked_beef":2,"minecraft:acacia_planks":1},"minecraft:killed_by":{"minecraft:zombie":1},"minecraft:killed":{"minecraft:zombie":2,"minecraft:pig":6,"minecraft:spider":1,"minecraft:cow":4},"minecraft:picked_up":{"minecraft:raw_iron":23,"minecraft:stick":4,"minecraft:crafting_table":2,"minecraft:leather":3,"minecraft:acacia_log":8,"minecraft:raw_iron_block":1,"minecraft:porkchop":10,"minecraft:tuff":2,"minecraft:string":2,"minecraft:dirt":20,"minecraft:wheat_seeds":1,"minecraft:cobbled_deepslate":7,"minecraft:beef":16,"minecraft:coal":28,"minecraft:acacia_sapling":2,"minecraft:cobblestone":32,"minecraft:furnace":1},"minecraft:crafted":{"minecraft:cooked_beef":8,"minecraft:raw_iron":9,"minecraft:iron_chestplate":1,"minecraft:shield":1,"minecraft:crafting_table":1,"minecraft:stick":12,"minecraft:iron_pickaxe":1,"minecraft:iron_ingot":32,"minecraft:wooden_pickaxe":1,"minecraft:stone_pickaxe":1,"minecraft:iron_sword":1,"minecraft:iron_leggings":1,"minecraft:furnace":1,"minecraft:acacia_planks":32,"minecraft:stone_axe":1,"minecraft:air":0},"minecraft:custom":{"minecraft:time_since_rest":54536,"minecraft:interact_with_furnace":17,"minecraft:sprint_one_cm":23391,"minecraft:damage_taken":487,"minecraft:walk_one_cm":33003,"minecraft:mob_kills":13,"minecraft:damage_dealt":1560,"minecraft:fly_one_cm":57317,"minecraft:interact_with_crafting_table":16,"minecraft:crouch_one_cm":958,"minecraft:play_time":62516,"minecraft:deaths":1,"minecraft:sneak_time":346,"minecraft:walk_under_water_one_cm":2693,"minecraft:jump":344,"minecraft:leave_game":2,"minecraft:walk_on_water_one_cm":8463,"minecraft:time_since_death":53428,"minecraft:total_world_time":62516,"minecraft:fall_one_cm":7933},"minecraft:mined":{"minecraft:raw_iron_block":1,"minecraft:tuff":2,"minecraft:acacia_leaves":3,"minecraft:furnace":1,"minecraft:iron_ore":7,"minecraft:crafting_table":2,"minecraft:short_grass":11,"minecraft:acacia_log":7,"minecraft:coal_ore":15,"minecraft:deepslate_iron_ore":16,"minecraft:dirt":2,"minecraft:stone":33,"minecraft:deepslate":7}},"DataVersion":3700}