{"stats":{"minecraft:killed_by":{"minecraft:zombie":1},"minecraft:picked_up":{"minecraft:stick":4,"minecraft:acacia_sapling":2,"minecraft:acacia_log":8},"minecraft:custom":{"minecraft:jump":38,"minecraft:crouch_one_cm":505,"minecraft:time_since_rest":30536,"minecraft:sprint_one_cm":4763,"minecraft:damage_taken":270,"minecraft:leave_game":2,"minecraft:play_time":38516,"minecraft:walk_one_cm":6623,"minecraft:time_since_death":29428,"minecraft:deaths":1,"minecraft:sneak_time":89,"minecraft:total_world_time":38516,"minecraft:fall_one_cm":880,"minecraft:fly_one_cm":11670},"minecraft:mined":{"minecraft:short_grass":3,"minecraft:acacia_log":7,"minecraft:acacia_leaves":3}},"DataVersion":3700}