{"stats":{"minecraft:used":{"minecraft:stone_pickaxe":38,"minecraft:wooden_pickaxe":4,"minecraft:stone_axe":26,"minecraft:crafting_table":2,"minecraft:furnace":1,"minecraft:cooked_beef":2},"minecraft:killed_by":{"minecraft:zombie":1},"minecraft:killed":{"minecraft:zombie":1,"minecraft:pig":6,"minecraft:spider":1,"minecraft:cow":4},"minecraft:picked_up":{"minecraft:stick":4,"minecraft:crafting_table":2,"minecraft:leather":3,"minecraft:acacia_log":8,"minecraft:porkchop":10,"minecraft:string":2,"minecraft:dirt":18,"minecraft:wheat_seeds":1,"minecraft:beef":16,"minecraft:coal":28,"minecraft:acacia_sapling":2,"minecraft:cobblestone":27,"minecraft:furnace":1},"minecraft:crafted":{"minecraft:cooked_beef":8,"minecraft:crafting_table":1,"minecraft:stick":4,"minecraft:wooden_pickaxe":1,"minecraft:stone_pickaxe":1,"minecraft:furnace":1,"minecraft:acacia_planks":32,"minecraft:stone_axe":1,"minecraft:air":0},"minecraft:custom":{"minecraft:time_since_rest":42536,"minecraft:interact_with_furnace":5,"minecraft:sprint_one_cm":17347,"minecraft:damage_taken":457,"minecraft:walk_one_cm":23585,"minecraft:mob_kills":12,"minecraft:damage_dealt":1359,"minecraft:fly_one_cm":40050,"minecraft:interact_with_crafting_table":7,"minecraft:crouch_one_cm":505,"minecraft:play_time":50516,"minecraft:deaths":1,"minecraft:sneak_time":91,"minecraft:jump":213,"minecraft:leave_game":2,"minecraft:walk_on_water_one_cm":40,"minecraft:time_since_death":41428,"minecraft:total_world_time":50516,"minecraft:fall_one_cm":4876},"minecraft:mined":{"minecraft:acacia_leaves":3,"minecraft:furnace":1,"minecraft:crafting_table":2,"minecraft:short_grass":11,"minecraft:acacia_log":7,"minecraft:coal_ore":15,"minecraft:stone":26}},"DataVersion":3700}